ID,Name,PhotoUrl
293616912, Heidi Johnson, https://randomuser.me/api/portraits/women/71.jpg
351474067, Julia Morales, https://randomuser.me/api/portraits/women/37.jpg
692154764, Bob Gonzalez, https://randomuser.me/api/portraits/men/56.jpg
201480444, Florence Prescott, https://randomuser.me/api/portraits/women/63.jpg
960645224, Genesis Peck, https://randomuser.me/api/portraits/women/36.jpg
155680330, Arnold Graham, https://randomuser.me/api/portraits/men/82.jpg
996199815, Warren Andrews, https://randomuser.me/api/portraits/men/46.jpg
576312623, Elizabeth Price, https://randomuser.me/api/portraits/women/84.jpg
9222764, Ken George, https://randomuser.me/api/portraits/men/89.jpg
945285265, Alan West, https://randomuser.me/api/portraits/men/35.jpg
